2021/06/21,マクドナルドやバドワイザーは五輪のスポンサーを降りた。多くのスポンサー企業が東京五輪に冷めている,ミスリード,https://navi.fij.info/factcheck_navi/infact20210621-1/
2021/06/14,米国上院は本日（6月12日）、『コロナはうそだ』と発表した,誤り,https://navi.fij.info/factcheck_navi/mainichi20210614-1/
2021/06/14,ファイザー社の公式サイトに不妊症を引き起こす可能性があると記されている,誤り,https://navi.fij.info/factcheck_navi/bfj20210614-1/
2021/06/14,医療用ガウンは100%中国に依存している,不正確,https://navi.fij.info/factcheck_navi/mainichi20210612-1/
2021/06/13,ワクチンが余った時の対応の指針を今(5月25日)ごろ出すことがおかしい。何ヶ月も前に出しておくべきもの,不正確,https://navi.fij.info/factcheck_navi/infact20210613-1/
2021/06/10,（ワクチン接種回数について、6月）8日は100万回を超えてきた,ミスリード,https://navi.fij.info/factcheck_navi/mainichi20210610-1/
2021/06/10,菅義偉首相が立憲民主党のコロナ政策を批判したことに対し、枝野幸男代表「党首討論に相応しくない」（動画）,誤り,https://navi.fij.info/factcheck_navi/bfj20210610-1/
2021/06/09,台湾で認可・承認されてるのはアストラゼネカ製のみ,誤り,https://navi.fij.info/factcheck_navi/infact20210607-1/
2021/06/04,川崎市役所は400人が朝鮮人,根拠不明,https://navi.fij.info/factcheck_navi/infact20210604-1/
2021/06/01,米ツイッター、コロナワクチンに関する批判投稿を削除決定,誤り,https://navi.fij.info/factcheck_navi/mainichi210531/
2021/05/28,（新型コロナワクチンの副反応について）5月12日時点で死亡39人　副作用（＝副反応）5560人　重篤者　664人　副作用についての保障（＝補償）は一切ない,不正確,https://navi.fij.info/factcheck_navi/mainichi20210528-1/
2021/05/13,（大阪の新規感染者）1260人のうち日本人は1人も確認されていない,ミスリード,https://navi.fij.info/factcheck_navi/infact20210513-2/
2021/05/13,福岡市に配分された4月分のワクチンの大多数が町内会長とか民生委員等に接種されている,不正確,https://navi.fij.info/factcheck_navi/infact20210513-1/
2021/05/11,トルコの都市部が20日間の全面ロックダウンに入って県をまたぐ移動も禁止されるので、ロックダウン開始前に国民が田舎に逃げています。まるでゾンビ映画です。,不正確,https://navi.fij.info/factcheck_navi/infact210510/
2021/05/05,伊是名夏子　お腹を空かせている子供がいるから、スーパーでパンを盗んで分け与えた。　社民党YouTubeより（画像）,誤り,https://navi.fij.info/factcheck_navi/infact20210505-1/
2021/05/03,（コロナワクチンに含まれるシンシチンは）胎盤に影響を及ぼしたり、免疫反応に影響を及ぼすことで妊娠のプロセスを乱す,誤り,https://navi.fij.info/factcheck_navi/bfj20210503-2/
2021/05/03,（コロナワクチンによってできるスパイクタンパク質に対する抗体は）無期限に不妊症を起こす危険性がある,誤り,https://navi.fij.info/factcheck_navi/bfj20210503-1/
2021/04/28,今の法律では、「同意をしていなくても　激しく抵抗できないほどの暴行・脅迫の証明が必要」であり、「眠っている又は意識なし」の人との性行為は犯罪にならない,誤り,https://navi.fij.info/factcheck_navi/infact20210428-1/
2021/04/23,（トリチウムの）ゆるキャラは電通に3億700万円で発注されていた,誤り,https://navi.fij.info/factcheck_navi/infact20210423-1/
2021/04/21,室井佑月の本音「自分から発生したデマなどが、どれだけ社会的に問題になろうが、知ったこっちゃない」,ミスリード,https://navi.fij.info/factcheck_navi/infact20210421-2/
2021/04/21,国連、処理水放出に「深い憂慮」,不正確,https://navi.fij.info/factcheck_navi/infact20210421-1/
2021/04/18,小泉進次郎環境相「生態系の破壊が進んでいる。生物多様性のために社会を再構築する必要がある。人類の数は半分でいい」,誤り,https://navi.fij.info/factcheck_navi/infact20210418-1/
2021/04/16,トランプ前大統領の純資産は在任4年でほぼ1/3に縮小したのは月給1ドルというほぼ無給で働いたから,不正確,https://navi.fij.info/factcheck_navi/mainichi20210416-1/
2021/04/14,（日本国旗を破ることなどを罰する規定がない理由について）法務省刑事局が「敗戦国だから」と説明している,誤り,https://navi.fij.info/factcheck_navi/mainichi210414-1/
2021/04/14,プーチン（ロシア大統領）がソチに持っている邸宅だそうだ（画像）,誤り,https://navi.fij.info/factcheck_navi/infact210414-1/
2021/04/13,ボウリングをする機械（動画）,ミスリード,https://navi.fij.info/factcheck_navi/infact20210413-1/
2021/04/13,松山英樹選手は日本人として初のメジャー大会制覇,誤り,https://navi.fij.info/factcheck_navi/mainichi20210413-1/
2021/04/11,コカ・コーラの聖火リレーのスタッフがマスク無しで手を振っている（画像）,ミスリード,https://navi.fij.info/factcheck_navi/infact210411-1/
2021/04/07,（オリンピックの採火式）巫女役は処女限定,不正確,https://navi.fij.info/factcheck_navi/bfj20210407-3/
2021/04/07,（オリンピックの採火式）メディア向けに公開されている式典はあくまでリハーサル,不正確,https://navi.fij.info/factcheck_navi/bfj20210407-2/
2021/04/07,（オリンピックの聖火リレー）採火式は男子禁制,誤り,https://navi.fij.info/factcheck_navi/bfj20210407-1/
2021/04/07,カリフォルニアでは（バイデン政権になって）法律が変わり11歳から大人との性的関係をもってよいことになった,誤り,https://navi.fij.info/factcheck_navi/infact20210407-1/
2021/04/06,民主党による事業仕分けで「日本ウイルス学会」「日本細菌学会」「日本寄生虫学会」「感染症学会」の4学会廃止した,誤り,https://navi.fij.info/factcheck_navi/mainichi20210406-1/
2021/04/01,ワクチンの中のナノテクノロジーロボット（画像）,誤り,https://navi.fij.info/factcheck_navi/infact210401-1/
2021/03/30,聖火リレー撮影動画、一般人はSNSへのアップ禁止,ミスリード,https://navi.fij.info/factcheck_navi/bfj20210330-1/
2021/03/28,（新型コロナのワクチン接種で）日本初の死亡者,根拠不明,https://navi.fij.info/factcheck_navi/factcheck_navi-17114/
2021/03/26,カナダが今年の東京五輪への不参加を表明した,ミスリード,https://navi.fij.info/factcheck_navi/bfj210326/
2021/03/26,親が逮捕された後、ウイグル人の児童も閉じ込められる。そして、書物も捨てられた。モンゴル語の本も同じく捨てられた。ジェノサイドの実態（画像）,誤り,https://navi.fij.info/factcheck_navi/infact20210326-1/
2021/03/25,アメリカ疾病予防管理センター（CDC）もコロナウィルスは存在しないと認めた,虚偽,https://navi.fij.info/factcheck_navi/bfj20210325-1/
2021/03/23,日本の高校生320万人全員にワクチンを打ったら確率的には50人が死亡するか、それに相当する副作用に見舞われる,誤り,https://navi.fij.info/factcheck_navi/bfj20210323-1/
2021/03/23,LINEのサービス開始は2011年6月23日なのに東日本大震災に役立ったというデマ、 いまさっきNHKで言っていた,誤り,https://navi.fij.info/factcheck_navi/infact20210323/
2021/03/23,アナフィラキシー発作時の対応薬エピネフリンは全国在庫がなく、代わりにアドレナリンが用意されています,誤り,https://navi.fij.info/factcheck_navi/bfj20210323-02/
2021/03/19,バイデン大統領　記者会見する姿は「合成」,誤り,https://navi.fij.info/factcheck_navi/bfj20210319/
2021/03/17,ウーバーイーツ配達員　寿司の配達中にいなり寿司１個を無断で取り出して食べ逮捕（画像）,虚偽,https://navi.fij.info/factcheck_navi/bfj20210317-1/
2021/02/02,ファイザー製コロナワクチンを打った人にエボラの症状。全身から血が吹き出して死亡,虚偽,https://navi.fij.info/factcheck_navi/bfj20210202-1/
2021/01/31,大江健三郎さんがタクシーの中から笑顔で「電気はいらない！」と書かれたプラカードを掲げる（画像）,虚偽,https://navi.fij.info/factcheck_navi/mainichi210131/
2021/01/29,生活保護を申請するためには、現金や食料がまったく無いことは当然として、不動産や株などはもちろん車やバイクの保有もダメ、金目の物はすべて売り払ってスッカラカンになった上、支援してくれる血縁者などが1人もいないことを証明しなくてはならない,不正確,https://navi.fij.info/factcheck_navi/bfj210129/
2021/01/27,（入院を拒否した患者に懲役刑を科す感染症法改正案についての質問に対し）全国知事会からも、罰則の創設を求める緊急提言を頂いている,ミスリード,https://navi.fij.info/factcheck_navi/infact210127/
2021/01/26,自民党議員が無症状で入院しているのに野党議員は入院できない,不正確,https://navi.fij.info/factcheck_navi/mainichi210126/
2021/01/25,（新型コロナ）ワクチンは感染予防にはつながらず、あくまで重症化予防のために打つためのもの,誤り,https://navi.fij.info/factcheck_navi/bfj210125/
2021/01/22,（大江戸線の集団感染）洗面所の蛇口が原因か,ミスリード,https://navi.fij.info/factcheck_navi/bfj210122/
2021/01/21,トランプがバイデンに残した手紙。ジョー、俺が勝ったの知ってるだろ？,根拠不明,https://navi.fij.info/factcheck_navi/bfj210121/
2021/01/19,鼻出しマスクの受験生　従いたくないと言って尾崎豊の曲を流す,根拠不明,https://navi.fij.info/factcheck_navi/bfj210119/
2021/01/13,（米国下院議長）ペロシ逮捕で軍事法廷へ,誤り,https://navi.fij.info/factcheck_navi/tfc210113/
2021/01/12,（トランプ氏の大統領令で）トランプが勝った、バイデンの逮捕もありうる,誤り,https://navi.fij.info/factcheck_navi/bfj210112/
2021/01/08,議事堂に押し寄せた人々の中にアンティファのメンバーがおり、顔認証システムが特定した,誤り,https://navi.fij.info/factcheck_navi/bfj210108/
2021/01/07,米連邦議会の議事堂に押し寄せた人々は、トランプ支持者ではなくアンティファ,根拠不明,https://navi.fij.info/factcheck_navi/bfj210107/
2020/12/23,（イギリスからの入国者は）日本人でイギリスに住んでいる方とか、1日1人か2人,誤り,https://navi.fij.info/factcheck_navi/infact201223/
2020/12/18,（旭川市内の病院では）中国人の新型コロナ患者を40人ずつ受け入れている,誤り,https://navi.fij.info/factcheck_navi/bfj201218/
2020/12/15,ニキビができる位置で体の不調がわかるとうたう「ニキビ図」,誤り,https://navi.fij.info/factcheck_navi/bfj201215/
2020/12/13,Go Toトラベル利用者の方が新型コロナウイルス感染症を示唆する症状をより多く経験,不正確,https://navi.fij.info/factcheck_navi/sfss201212/
2020/12/11,（ジョージア州選挙集計で）監督者が係員に部屋から出るよう指示後、その場に残った4人が突然、票が詰まった複数のスーツケースを机の下から引っ張り出し集計を始めた,ミスリード,https://navi.fij.info/factcheck_navi/infact201212/
2020/12/10,牡蠣（かき）を食べるときは殻に口をつけずに食べた方があたりにくい、細菌の多くは牡蠣の“殻”にいる,ミスリード,https://navi.fij.info/factcheck_navi/mainichi201210/
2020/12/10,（牡蠣は）お箸などで貝柱を外してからパクッと食べた方があたりにくい,不正確,https://navi.fij.info/factcheck_navi/bfj201209/
2020/12/09,新型コロナ感染者、ほとんどが外国人だった（グラフ）,誤り,https://navi.fij.info/factcheck_navi/bfj201208/
2020/12/05,（日本学術会議が設立された）1949年から会員、連携会員の推薦がなければ会員になれない,不正確,https://navi.fij.info/factcheck_navi/mainichi201205/
2020/12/04,CNNがトランプ大統領の再選の可能性を放送,不正確,https://navi.fij.info/factcheck_navi/mainichi201204/
2020/12/04,コロナ感染者の多くが中国人だったと誤認させるような表データの画像,ミスリード,https://navi.fij.info/factcheck_navi/bfj201204/
2020/12/02,バラク・オバマ元米大統領が11月28日にスパイ容疑で逮捕された,虚偽,https://navi.fij.info/factcheck_navi/bfj201202-2/
2020/12/02,CNNがトランプ大統領再選の可能性を放送,ミスリード,https://navi.fij.info/factcheck_navi/bfj201202-1/
2020/11/19,バイデン氏の政権移行チームの一員が社⻑をしている企業が投票装置メーカーのドミニオン社にソフトウエアを提供していた,誤り,https://navi.fij.info/factcheck_navi/mainichi201119/
2020/11/19,ペンシルベニア州で既に死亡している2万1000人の名前で郵便投票か、米公益法律事務所が連邦裁判所に提訴,ミスリード,https://navi.fij.info/factcheck_navi/infact201119/
2020/11/18,アメリカ大統領選挙の投票率、ネバダ州など複数の激戦州で投票率が100％を超えた,誤り,https://navi.fij.info/factcheck_navi/infact201118/
2020/11/17,日本では絶対に報道されない、トランプ支持集会。100万人近い参加者数と推測される（動画）,根拠不明,https://navi.fij.info/factcheck_navi/bfj201117-1/
2020/11/17,日本のマスコミが「1万人」と報じたトランプ派のデモ（画像）,誤り,https://navi.fij.info/factcheck_navi/bfj201117-2/
2020/11/17,選挙不正の証拠が保存されたスペイン企業のサーバーが、ドイツ・フランクフルトで米軍に押収された,誤り,https://navi.fij.info/factcheck_navi/mainichi201116/
2020/11/11,米国の主要政治サイト『リアル・クリア・ポリティクス（RCP）』が激戦州ペンシルベニアでバイデン氏の当選確実を取り下げた,誤り,https://navi.fij.info/factcheck_navi/mainichi201111/
2020/11/06,大量のトランプの票がトラックで運ばれ山に埋められた（動画）,誤り,https://navi.fij.info/factcheck_navi/mainichi201106/
2020/11/06,デトロイトでは1823年生まれで197歳の老人までバイデン氏に投票,誤り,https://navi.fij.info/factcheck_navi/bfj201106/
2020/11/06,トランプの票を大量に廃棄、埋めた（道路に投票用紙が捨てられているように見える画像）,誤り,https://navi.fij.info/factcheck_navi/bfj201109/
2020/11/05,バイデン氏が「アメリカ政治史上、最大規模の不正投票組織を用意した」と発言した（動画）,ミスリード,https://navi.fij.info/factcheck_navi/bfj201105-3/
2020/11/05,郵便投票で機械的に製造されたバイデン票が発見された（動画）,誤り,https://navi.fij.info/factcheck_navi/bfj201105-2/
2020/11/05,ウィスコンシン州でバイデン氏の得票数が短時間で増え、投票率が200％を超える計算になり、怪しいので州兵が集計作業に参加,誤り,https://navi.fij.info/factcheck_navi/bfj201105/
2020/10/30,（北海道の）中国人技能実習生は一万人以上で、占冠村の人口の３割以上が中国人,不正確,https://navi.fij.info/factcheck_navi/infact201029-2/
2020/10/29,大阪都構想のコストは総額1340億円,不正確,https://navi.fij.info/factcheck_navi/sankei201029/
2020/10/29,大阪市4分割ならコスト218億円増　都構想実現で特別区の収支悪化も　市試算,根拠不明,https://navi.fij.info/factcheck_navi/infact201029/
2020/10/28,（大阪都構想により）特別区になると、災害対策本部は新特別区４箇所にしか置かれず、迅速で細やかな対応ができなくなる,根拠不明,https://navi.fij.info/factcheck_navi/sankei201028/
2020/10/28,GoToトラベル事務局　大手出向社員に日当4万円,ミスリード,https://navi.fij.info/factcheck_navi/bfj201026-2/
2020/10/23,（トランプ大統領の所得税が少なかった理由は）退役軍人の支援の為、2016年には財団から18万ドル、個人で542万ドル、合計で560万ドルを寄付したから,根拠不明,https://navi.fij.info/factcheck_navi/infact201023/
2020/10/22,GoTo事務局で日当7万円,ミスリード,https://navi.fij.info/factcheck_navi/201022sankei/
2020/10/22,大阪市を廃止すると、隣接する市は住民投票無しで特別区に移行可能,ミスリード,https://navi.fij.info/factcheck_navi/sankei201022/
2020/10/20,現在の日本の新型コロナウイルスは 1/10000000の死亡率,誤り,https://navi.fij.info/factcheck_navi/bfj201020/
2020/10/17,（日本学術会議が2015年に中国科学技術協会と交わした）覚書どおりに中国科学技術協会と大阪大学、東京大学、東京工業大学、名古屋大学が共同ユニットを度々開催している,誤り,https://navi.fij.info/factcheck_navi/mainichi201017/
2020/10/16,防衛大の卒業生が大学院に行きたくとも、東大をはじめ各大学は『防衛大から来た、防衛省の人間など入れない』と断っていた,誤り,https://navi.fij.info/factcheck_navi/mainichi201016/
2020/10/16,都構想が実現すると「ムダ」の名のもとに、図書館はじめ、クレオ大阪とかいろんな施設が廃止される,誤り,https://navi.fij.info/factcheck_navi/sankei201016/
2020/10/16,防衛大の卒業生が大学院に行きたくとも東大を始め各大学は断っていた,誤り,https://navi.fij.info/factcheck_navi/infact201015/
2020/10/14,日本学術会議がレジ袋有料化を提唱した,不正確,https://navi.fij.info/factcheck_navi/mainichi201014/
2020/10/14,日本学術会議がレジ袋有料化を提言した,誤り,https://navi.fij.info/factcheck_navi/bfj20201013-2/
2020/10/14,日本学術会議の幹部が北海道大学総長室に押しかけ研究を辞退させた,誤り,https://navi.fij.info/factcheck_navi/bfj20201013/
2020/10/12,アメリカとイギリス、両国の学者団体には税金は投入されていない,誤り,https://navi.fij.info/factcheck_navi/bfj201012/
2020/10/10,（日本学術会議の会員任命見送りとなった）6人を学術評価ツール『スコーパス』で調べたら全員低評価で、国際的にはとても学者とは言えない,誤り,https://navi.fij.info/factcheck_navi/mainichi201010/
2020/10/09,（日本学術会議から）政府に対する答申は2007年以降出されていない … 活動が見えていない,ミスリード,https://navi.fij.info/factcheck_navi/bfj201009-2/
2020/10/09,防災科研の研究者が「強い竜巻だと毎秒100m近い風が吹くがこれは僕が飛ぶくらいの強さ」と語る（画像）,虚偽,https://navi.fij.info/factcheck_navi/infact201009/
2020/10/09,日本学術会議は防衛研究は認めないが、中国の軍事研究には参加している,根拠不明,https://navi.fij.info/factcheck_navi/bfj201009/
2020/10/08,（学術団体は）欧米は全部民間。日本だけが税金でやっている,誤り,https://navi.fij.info/factcheck_navi/mainichi201007-2/
2020/10/07,ニューヨーク・タイムズ紙が「PCR検査陽性の9割は誤診だった」と報道した,誤り,https://navi.fij.info/factcheck_navi/infact201007/
2020/10/07,日本学術会議OBは日本学士院会員になり、死ぬまで 250万円の年金をもらえる,誤り,https://navi.fij.info/factcheck_navi/mainichi201007/
2020/10/06,学術会議で6年働くと、日本学士院で年金250万円を死ぬまでもらえる,誤り,https://navi.fij.info/factcheck_navi/bfj201006/
2020/10/02,公務員の給与は増額されたが、生活保護世帯の給付金は明日から減額される。同じデータを参考にしているのに一方は「増額」で一方は「減額」,不正確,https://navi.fij.info/factcheck_navi/bfj201002-2/
2020/10/02,橋本聖子大臣は「女性はいくらでも嘘をつける」との（杉田水脈議員の）発言を批判していない,誤り,https://navi.fij.info/factcheck_navi/bfj201002/
2020/09/30,民主党政権下でも内閣と合同の（元総理の）葬儀が行われていた。,誤り,https://navi.fij.info/factcheck_navi/bfj200929/
2020/09/28,韓国に日本が捨てた税金一覧（画像）,誤り,https://navi.fij.info/factcheck_navi/bfj200928/
2020/09/25,（愛知県知事リコール運動）署名受任者の住所氏名が県の公報で公開される。署名した人の名前や住所も、提出されたら縦覧できる,ミスリード,https://navi.fij.info/factcheck_navi/mainichi200925/
2020/09/24,Go Toトラベルを利用し、コロナにかかった人は7人,ミスリード,https://navi.fij.info/factcheck_navi/mainichi200924/
2020/09/24,（2020年8月の自殺者について）総数は246人だけど、男性60人、女性186人。女性に何があったのか、男性の3倍の人が命を断っている,不正確,https://navi.fij.info/factcheck_navi/infact200924/
2020/09/21,福岡市が中国公務員800人受入れ発表,ミスリード,https://navi.fij.info/factcheck_navi/infact200921/
2020/09/13,出産費用は国から42万円出るから、セレブ用個人産院でなければ、今でも出産費用はゼロに近い,不正確,https://navi.fij.info/factcheck_navi/mainichi200913/
2020/09/12,アベノミクスが始まって、明らかに生活保護世帯は減った,不正確,https://navi.fij.info/factcheck_navi/mainichi200912/
2020/09/12,（愛知県の大村知事リコール運動で）署名の受任者を引き受けた方の住所氏名は県の公報で公開されている。署名した人の名前や住所も提出されたら縦覧できる,ほぼ正確,https://navi.fij.info/factcheck_navi/infact200912/
2020/09/10,生活保護の最低額は月額29万円,不正確,https://navi.fij.info/factcheck_navi/mainichi200910/
2020/09/09,（大阪で重症者数が多い理由を問われ）大阪は死者を減らすため、できるだけ早めに気管切開をして人工呼吸器をつけている,根拠不明,https://navi.fij.info/factcheck_navi/infact200909/
2020/09/08,習近平氏の娘がハーバードの卒業式で歌う,誤り,https://navi.fij.info/factcheck_navi/tfc200907/
2020/09/06,中国の戦闘機が台湾の対空システムで撃墜、パイロットは無事,虚偽,https://navi.fij.info/factcheck_navi/infact200906/
2020/09/05,黒人が警察官に射殺される割合は40万人に1人ぐらいだが、警察官は1万人に1人の割合で黒人に射殺されている,根拠不明,https://navi.fij.info/factcheck_navi/mainichi200905/
2020/09/04,国交省､北海道に中国人500万人移住計画を発表,誤り,https://navi.fij.info/factcheck_navi/infact200904/
2020/09/03,（毎日新聞が）安倍総理の顔色を悪くするために画像補正したら、マスクがくすんだので合成した,根拠不明,https://navi.fij.info/factcheck_navi/infact200903/
2020/09/02,安倍首相、持病再発後も「焼肉食いまくってた」,誤り,https://navi.fij.info/factcheck_navi/bfj200902/
2020/09/02,（関東大震災の朝鮮人虐殺で）韓国が小池知事に謝罪と賠償を要求,誤り,https://navi.fij.info/factcheck_navi/bfj200902-2/
2020/09/01,安倍晋三首相の辞意表明に関連し、立憲民主党の石垣のりこ参院議員が「大事な時に体を壊す癖がある」などと投稿し、批判を浴びた件について、大手新聞社はどこも報じない　,誤り,https://navi.fij.info/factcheck_navi/bfj200901/
2020/08/28,日本は他の国と比べて黒人の入国を厳しく制限している,誤り,https://navi.fij.info/factcheck_navi/infact200828-2/
2020/08/26,WHOが日本のコロナ終息を確認。安倍総理の対応を絶賛,ミスリード,https://navi.fij.info/factcheck_navi/bfj200826-3/
2020/08/26,台湾軍が中国戦闘機に対空ミサイル発射,誤り,https://navi.fij.info/factcheck_navi/bfj200826-2/
2020/08/23,山手線の車内案内から中国語・韓国語の表示がなくなった,誤り,https://navi.fij.info/factcheck_navi/wasegg200823/
2020/08/21,「731部隊」は大学卒のみの採用,誤り,https://navi.fij.info/factcheck_navi/bfj200821/
2020/08/20,（コロナ感染者の個人情報誤掲載で）最高責任者の大村愛知県知事からの詫びは一切ありません,誤り,https://navi.fij.info/factcheck_navi/wasegg200820/
2020/08/19,プーチン大統領の娘が新型コロナウイルスのワクチンを接種して死亡した,根拠不明,https://navi.fij.info/factcheck_navi/bfj200819/
2020/08/18,防衛費が5兆円に対し、男女共同参画に関する予算に8兆円以上が使われている,ミスリード,https://navi.fij.info/factcheck_navi/bfj200818/
2020/08/17,ロス国際空港で中国からの2万人分の偽造免許証を押収,不正確,https://navi.fij.info/factcheck_navi/wasegg200817/
2020/08/14,PCR法を開発してノーベル賞を取った人がウイルスの特定にはふさわしくないと言っている,根拠不明,https://navi.fij.info/factcheck_navi/infact200820/
2020/08/13,このような方達が入国可能に（中国国旗を掲げる人たちの動画あり）,ミスリード,https://navi.fij.info/factcheck_navi/bfj200813/
2020/08/12,FAXの制約で東京都内の感染者数は1日300人を超えない,誤り,https://navi.fij.info/factcheck_navi/infact200812/
2020/08/06,安倍首相、新型コロナ対策をせずに、国会にも出ずに、日曜大工をしていた（画像あり）,誤り,https://navi.fij.info/factcheck_navi/bfj200806-2/
2020/08/06,野党が口頭で国会開催を要求してるだけで正当なプロセスを何も踏んでない,誤り,https://navi.fij.info/factcheck_navi/bfj200806/
2020/08/06,李登輝元総統の生前インタビューをNHKが5年封印。,誤り,https://navi.fij.info/factcheck_navi/infact200806/
2020/08/05,以前､米国人と台湾人に中国から未知の植物の種が入った袋が届き､今度は日本人にも届いたが､ジャイアント・ホグウィードと判明した,誤り,https://navi.fij.info/factcheck_navi/tfc200805/
2020/08/02,マスクによる飛沫感染リスク低減率（画像つき）,根拠不明,https://navi.fij.info/factcheck_navi/sfss200802/
2020/08/01,モンサント社のラウンドアップが散布された草木を食べて腫瘍だらけになった鹿（写真）,誤り,https://navi.fij.info/factcheck_navi/infact200801/
2020/07/31,「夜の街クラスター」の正体は安倍政権批判の”デモ”,誤り,https://navi.fij.info/factcheck_navi/bfj200731/
2020/07/21,保健所の削減は太田府政時代です,ミスリード,https://navi.fij.info/factcheck_navi/infact200721/
2020/07/17,日本の眼科研究院が開発した視力回復トレーニング動画で目がすっきりなった,誤り,https://navi.fij.info/factcheck_navi/tfc200717/
2020/07/17,WHOが方向転換「感染者の隔離は不要」,誤り,https://navi.fij.info/factcheck_navi/bfj200717/
2020/07/15,WHOが方向転換「感染者の隔離は不要」,誤り,https://navi.fij.info/factcheck_navi/infact200715/
2020/07/09,日本政府が観光客の旅費の半分を支払うための1兆3500億円の基金を検討,不正確,https://navi.fij.info/factcheck_navi/infact200709/
2020/07/05,（新型コロナの人口100万人あたりの死亡率は）フランスは228人、アメリカが824人、イギリスで309人。日本は7人。（…）国民の民度のレベルが違う,ミスリード,https://navi.fij.info/factcheck_navi/infact200705/
2020/07/03,(6月中旬)東京都が桁違いに検査数を増やした（グラフ画像つき）,誤り,https://navi.fij.info/factcheck_navi/infact200703/
2020/07/01,最高裁が「外国人への生活保護は違法」と判断（ニュース画像つき）,誤り,https://navi.fij.info/factcheck_navi/infact200701/
2020/06/23,CNNが発砲した男の写真を加工し､白人に見せかけた,虚偽,https://navi.fij.info/factcheck_navi/infact200623/
2020/06/18,PCR検査は新型コロナの検査にはならない　普通の風邪も検出する,誤り,https://navi.fij.info/factcheck_navi/infact200618/
2020/06/17,新型コロナへの感染が確認された看護師は勤務に呼び出された。それによって、大阪生野区の病院では二日間に120人以上の大規模感染が起こった,誤り,https://navi.fij.info/factcheck_navi/infact200617/
2020/06/11,新型コロナウイルス､高温多湿と紫外線が大嫌い,ミスリード,https://navi.fij.info/factcheck_navi/infact200611/
2020/06/04,アベノマスクの不良品たったの12枚,ミスリード,https://navi.fij.info/factcheck_navi/infact200604/
2020/05/31,PCR検査が多い国の方が死亡数が多い,不正確,https://navi.fij.info/factcheck_navi/infact200531-2/
2020/05/31,東京のPCR検査数を知ってびっくり。5月19日はたった48人。20日の検査数は52人。,誤り,https://navi.fij.info/factcheck_navi/infact200531/
2020/05/22,(5月11日)東京は病床がひっ迫 使用率8割超え,誤り,https://navi.fij.info/factcheck_navi/infact200522/
2020/05/13,日本（政府）は4月だけで3000人以上の中国人を特別入国させていた（動画）,誤り,https://navi.fij.info/factcheck_navi/infact200513/
2020/05/12,感染者のうち日本人は半分もいない,誤り,https://navi.fij.info/factcheck_navi/infact200512/
2020/05/10,十分なPCR検査の実施国では新型コロナの死亡率が低い,根拠不明,https://navi.fij.info/factcheck_navi/wasegg200510/
2020/05/09,療養ホテルに医師はいない,ミスリード,https://navi.fij.info/factcheck_navi/infact200509/
2020/05/08,日本の警察官73名が遺体取扱いで新型コロナに感染した。,誤り,https://navi.fij.info/factcheck_navi/infact200508/
2020/05/07,蓮舫議員が『高卒みたいな可哀想な人達が増える』と発言,誤り,https://navi.fij.info/factcheck_navi/infact200507/
2020/05/03,LINEの調査で｢日本の感染者は公表の10倍以上｣ ,誤り,https://navi.fij.info/factcheck_navi/infact200503/
2020/04/30,都市封鎖された東京に鹿が表れたとする画像,誤り,https://navi.fij.info/factcheck_navi/infact200430/
2020/04/29,日本で売られているMade in Taiwan表記マスクは中国製の偽物,根拠不明,https://navi.fij.info/factcheck_navi/infact200429/
2020/04/28,ノーベル賞受賞者の本庶教授が中国の人造ウイルス説に言及。,虚偽,https://navi.fij.info/factcheck_navi/infact200428/
2020/04/28,（緑茶の中に高濃度に含まれている）エピガロカテキンガレートに強い抗新型コロナウイルス作用が認められた,根拠不明,https://navi.fij.info/factcheck_navi/infact200428-2/
2020/04/27,「深く息を吸って、10秒我慢する」ことができれば新型コロナには感染していない,誤り,https://navi.fij.info/factcheck_navi/bfj200427/
2020/04/20,中国から発送された検査キットの細綿棒にウイルスが付着、英国ジョンソン首相強い怒り,誤り,https://navi.fij.info/factcheck_navi/bfj200420/
2020/04/18,安倍首相に布マスク販売を突っ込まれ、朝日新聞SHOPが閉鎖,誤り,https://navi.fij.info/factcheck_navi/bfj200418/
2020/04/17,東京都の感染者増 ｢五輪延期決定で検査抑制の必要がなくなった｣,根拠不明,https://navi.fij.info/factcheck_navi/infact200417/
2020/04/14,緊急事態宣言で｢知事に強制的ロックダウンの権限付与｣,誤り,https://navi.fij.info/factcheck_navi/infact200414/
2020/04/12,日本の専門家『若い人も死亡しやすい』と警鐘,誤り,https://navi.fij.info/factcheck_navi/infact200412/
2020/04/11,在日米国大使館『近いうちに日本は医療崩壊』と警告,不正確,https://navi.fij.info/factcheck_navi/infact200411/
2020/04/10,安倍首相が「日本の平均的な共働き夫婦の月収　ご主人の月給が50万円　奥さんのパート収入が月25万円」と発言,誤り,https://navi.fij.info/factcheck_navi/bfj200410/
2020/04/09,野党の審議拒否　明日、明後日の全ての委員会が審議ストップ,誤り,https://navi.fij.info/factcheck_navi/bfj200409/
2020/04/08,与謝野晶子がスペイン風邪で子どもを亡くした,誤り,https://navi.fij.info/factcheck_navi/bfj200408/
2020/04/08,台湾メディア「新型コロナウイルスに罹患した患者の多くの肺が繊維化。生存率は肺癌より低い」と報道（ニュース画像つき）,誤り,https://navi.fij.info/factcheck_navi/infact200408/
2020/04/02,新型コロナウイルスの国内感染者のうち3分の1が外国人（グラフ画像つき）,誤り,https://navi.fij.info/factcheck_navi/bfj200402/
2020/03/28,安倍首相の台風被災者慰問写真がスタジオで撮影されたことを示す画像,虚偽,https://navi.fij.info/factcheck_navi/infact200328/
2020/03/27,感染が疑われるクルーズ船下船の香港人が多数羽田空港で過ごした,虚偽,https://navi.fij.info/factcheck_navi/infact200327/
2020/03/26,東京ロックダウン決定 ／ 首都封鎖宣言,誤り,https://navi.fij.info/factcheck_navi/bfj200326/
2020/03/12,NHKの中国語版が『日本新型コロナウイルス』と呼称している,誤り,https://navi.fij.info/factcheck_navi/bfj200312/
2020/03/12,河野太郎防衛大臣が「台湾から五十万のマスクが安着しまして、台湾の安全を祈ります。」とツイッターに投稿（画像あり）,誤り,https://navi.fij.info/factcheck_navi/tfc200313/
2020/03/04,新型コロナ、中国が「日本肺炎」と広めようとしている,誤り,https://navi.fij.info/factcheck_navi/bfj200304/
2020/03/02,厚労省がマスク不足に対応し、日の丸を冠したマスクを生産,誤り,https://navi.fij.info/factcheck_navi/bfj200302/
2020/03/01,スイス製検査キットを日本政府は頑なに導入しない,誤り,https://navi.fij.info/factcheck_navi/200301/
2020/02/29,日本の検査では”陰性”だったのにアメリカの検査では13人中11人から陽性反応出る,誤り,https://navi.fij.info/factcheck_navi/infact200229/
2020/02/28,「ランサーズ」がHP上で主要取引先として記した「内閣府」の文字が2月25日の時点にはあった,誤り,https://navi.fij.info/factcheck_navi/bfj200228-2/
2020/02/27,武漢ウイルスは耐熱性がなく、26-27度の温度で死ぬ。 お湯を飲のば予防できる。,誤り,https://navi.fij.info/factcheck_navi/bfj200227/
2020/02/19,日本での検査は陰性の場合8万円自己負担、陽性の場合は国負担。,誤り,https://navi.fij.info/factcheck_navi/bfj200219/
2020/02/17,遺体を燃やすと出る亜硫酸ガス 武漢上空で大量検出…およそ1万4000体分か,誤り,https://navi.fij.info/factcheck_navi/infact200217-2/
2020/02/17,新型肺炎感染者、国内で４００人超す,ミスリード,https://navi.fij.info/factcheck_navi/infact200217/
2020/02/15,死体を燃やした時に発生する二酸化硫黄（亜硫酸ガス）の濃度が武漢周辺で大量に検出された,誤り,https://navi.fij.info/factcheck_navi/bfj200215-2/
2020/02/15,新型コロナウイルス発生から武漢市の封鎖までの間に、同市民が「移動した痕跡を元にマップ化」としたとする画像,誤り,https://navi.fij.info/factcheck_navi/bfj200215/
2020/02/12,知事が東京マラソンの中国人参加自粛を要請,不正確,https://navi.fij.info/factcheck_navi/infact200212/
2020/02/12,（クルーズ船が那覇に入港した2月1日）デニー知事と瑞慶覧南城市長の華麗なるコラボが披露。（デニー知事が踊る画像つき）,虚偽,https://navi.fij.info/factcheck_navi/bfj200212/
2020/02/12,北京に侵入する高速道路が封鎖された,ミスリード,https://navi.fij.info/factcheck_navi/bfj200212-2/
2020/02/10,新型コロナウイルス、エアロゾル感染を確認,誤り,https://navi.fij.info/factcheck_navi/bfj200210/
2020/02/05,チャーター機で武漢から帰国した日本人が1人1台の救急車に乗車,誤り,https://navi.fij.info/factcheck_navi/tfc200205/
2020/02/05,新型コロナウイルスに『HIV（エイズウイルス）』のタンパク質が挿入されていることをインド工科大学の科学者たちが発見,誤り,https://navi.fij.info/factcheck_navi/bfj200205-2/
2020/02/05,高リスク国の第2位が日本となったのは、安倍政権が入国規制をしないため,誤り,https://navi.fij.info/factcheck_navi/infact200205/
2020/02/05,（1月）29日武漢から帰ってきた飛行機から日本人2人が検査拒否して帰った　その2人はなんと高知県の議会議員,誤り,https://navi.fij.info/factcheck_navi/bfj200205-3/
2020/02/01,(日本の判断で)邦人感染者のチャーター便搭乗を拒否,誤り,https://navi.fij.info/factcheck_navi/infact200201/
2020/01/31,武漢国立生物安全実験室から漏れたウイルスが原因と英紙報道,不正確,https://navi.fij.info/factcheck_navi/infact200131/
2020/01/30,健康保険が外国人に悪用される原因を民主党政権が作った,誤り,https://navi.fij.info/factcheck_navi/bfj200130/
2020/01/30,約4600人の中国人観光客が博多に入港（画像）,ミスリード,https://navi.fij.info/factcheck_navi/bfj200130-2/
2020/01/30,東京オリンピック中止か,ミスリード,https://navi.fij.info/factcheck_navi/bfj200130-3/
2020/01/29,（日本が物資支援するも）中国が何かをしてくれたことはない,誤り,https://navi.fij.info/factcheck_navi/infact200129/
2020/01/29,日本の健康保険に“悪乗り”するために、中国人が押し寄せる危険性がある,不正確,https://navi.fij.info/factcheck_navi/bfj200129/
2020/01/28,新型コロナウイルスは人類史上最凶、致死率15％,誤り,https://navi.fij.info/factcheck_navi/bfj200128/
2020/01/24,大学入試センター試験で「500点後半〜600点台前半」を取れば、島根大学医学部に「合格できます」（画像つき）,誤り,https://navi.fij.info/factcheck_navi/bfj200124-2/
2020/01/24,咳と熱の症状があった武漢からの観光客が、USJや京都に行くために検査前に逃亡した。,誤り,https://navi.fij.info/factcheck_navi/bfj200124/
2020/01/14,安倍政権が全国のホームレスの人数を3分の1にまで減らしていた,誤り,https://navi.fij.info/factcheck_navi/bfj200114/
2020/01/09,川崎ヘイト条例成立後、拉致被害者のポスターが撤去された。,ミスリード,https://navi.fij.info/factcheck_navi/bfj200109/
2020/01/09,オーストラリアで山火事をおこした大人31人、子供67人が逮捕。逮捕されたのは気候変動活動をしていたメンバー。,根拠不明,https://navi.fij.info/factcheck_navi/bfj200109-2/
2020/01/08,オーストラリアの山火事の写真（画像4枚）,誤り,https://navi.fij.info/factcheck_navi/bfj200108/
2020/01/07,オーストラリアの大規模火災を捉えたNASAが撮影した衛星写真（画像）,誤り,https://navi.fij.info/factcheck_navi/bfj200107-2/
2019/12/24,朝日新聞「辺野古の海への土砂投入、サンゴを傷つけた罪は重い。万死に値する」と書いた,誤り,https://navi.fij.info/factcheck_navi/bfj191224/
2019/12/16,銀座線運休のお知らせ「日中韓の3ヶ国語表示で英語はない」,不正確,https://navi.fij.info/factcheck_navi/bfj191216/
2019/12/09,（中村哲さんの追悼式典が行われた）アフガニスタンの空港に政府関係者の姿はなかった,誤り,https://navi.fij.info/factcheck_navi/bfj191209/
2019/12/04,10月の小売売上高が歴史的低下 海外で報道されたが日本語で全然出てこない,不正確,https://navi.fij.info/factcheck_navi/snj191204/
2019/11/30,桜を見る会 ｢行政処分を受けている人が招かれていた｣,不正確,https://navi.fij.info/factcheck_navi/snj191130-2/
2019/11/30,菅官房長官「反社会勢力の定義は一義的に定まっているわけではない」,不正確,https://navi.fij.info/factcheck_navi/snj191130/
2019/11/26,安倍政権の支持率　岩手民報3％　日本農業新聞７％,不正確,https://navi.fij.info/factcheck_navi/bfj191126/
2019/11/14,桜を見る会　鳩山首相が例年より相当多く呼び、1万人の大台に乗った,誤り,https://navi.fij.info/factcheck_navi/bfj191114/
2019/11/14,国有財産である首里城の管理運営は、沖縄県が設立した美ら島財団,不正確,https://navi.fij.info/factcheck_navi/snj191114/
2019/11/11,ネット情報 ｢日本には教師の日がない…地下鉄には教師専用席があり､街中に教師商店もある｣,不正確,https://navi.fij.info/factcheck_navi/tfc191111/
2019/11/06,選挙の開票に使われている「ムサシ」筆頭株主は安倍首相,誤り,https://navi.fij.info/factcheck_navi/bfj191106/
2019/10/31,玉城知事、沖縄PRのため韓国へ→ ネット「世界遺産が燃えてるんやで？」「首里城より韓国」,ミスリード,https://navi.fij.info/factcheck_navi/bfj191031/
2019/10/25,NHKの人件費は年々増加し、職員一人平均1750万円,不正確,https://navi.fij.info/factcheck_navi/snj191025-2/
2019/10/25,（上田清司氏、知事時代に）埼玉県の借金を約7000億円減らした。,ミスリード,https://navi.fij.info/factcheck_navi/snj191025/
2019/10/22,台風騒動の最中、国会議員の給料アップが閣議決定,不正確,https://navi.fij.info/factcheck_navi/snj191022/
2019/10/21,台風取材に向かうNHKが駅前のタクシーを3台も貸し切ってしまった,不正確,https://navi.fij.info/factcheck_navi/bfj191021/
2019/10/17,＜避難所格差＞と称し、”画像は韓国の避難所”（画像あり）,誤り,https://navi.fij.info/factcheck_navi/bfj191017/
2019/10/15,先般の年金財政検証では、支え手が増えた結果、将来の年金給付に係る所得代替率が改善いたしました。,ミスリード,https://navi.fij.info/factcheck_navi/snj191015/
2019/10/14,今月、3歳から5歳までの全ての子どもたちの幼児教育、保育の無償化が実現しました。,不正確,https://navi.fij.info/factcheck_navi/snj191004/
2019/10/08,「死亡事故を笑顔で楽しむ日本人達」CNNが報道（画像あり）,誤り,https://navi.fij.info/factcheck_navi/snj191008/
2019/10/02,日本政府が112万トンの核廃水は太平洋への放出以外『他に選択はない』と認めた,誤り,https://navi.fij.info/factcheck_navi/tfc191002/
2019/10/01,ベトナム人女性をレイプしたあと切断して楽しむ韓国兵たち（画像あり）,虚偽,https://navi.fij.info/factcheck_navi/bfj191001/
2019/09/23,イラン軍がアメリカのドローンと交戦,虚偽,https://navi.fij.info/factcheck_navi/bfj190923/
2019/09/06,トランプ氏、朝日記者に「左翼」と発言,根拠不明,https://navi.fij.info/factcheck_navi/jid190906/
2019/08/12,あいちトリエンナーレ・企画展の予算は税金10億円,ミスリード,https://navi.fij.info/factcheck_navi/ctv190812/
2019/08/02,あいちトリエンナーレに「安倍首相と菅官房長官の口をヒールで踏む作品」,誤り,https://navi.fij.info/factcheck_navi/bfj190802/
2019/07/23,京アニの資料や原画は自民党・麻生内閣が国立メディア芸術総合センターで補完しようとしたが、民主党が阻止,誤り,https://navi.fij.info/factcheck_navi/bfj190723/
2019/07/19,安倍首相が「富裕層の税金を上げるなんてばかげた政策」と答弁した,誤り,https://navi.fij.info/factcheck_navi/bfj190719/
2019/07/18,(年金積立金の）運用益はとうとう44兆円にまで、皆さん増えたんです。民主党政権時代の10倍も増やしています。,誤り,https://navi.fij.info/factcheck_navi/wasegg190718/
2019/07/18,消費税が10%になった場合、年間で約1か月分の所得が消える,不正確,https://navi.fij.info/factcheck_navi/snj190718-2/
2019/07/18,国政調査権を持つ参議院議員山本太郎によれば、消費税増税分の84%は使途不明であり、全額福祉に使われるという政府の説明はデタラメであることが分かっている,不正確,https://navi.fij.info/factcheck_navi/snj190718-3/
2019/07/18,消費増税で社会保障の充実に使われたのは16%のみ。現政権は社会保障費を7年で4兆円削った,ミスリード,https://navi.fij.info/factcheck_navi/snj190718/
2019/07/17,年金積立金の運用益は、この6年で44兆円増えた。民主党政権時代の10倍,不正確,https://navi.fij.info/factcheck_navi/snj190717/
2019/07/17,来月から、国会議員の月給がおよそ100万円から120万円に引き上げられる,誤り,https://navi.fij.info/factcheck_navi/bfj190717/
2019/07/16,大阪では増税なしに私立高校の授業料や幼稚園、保育園の保育料無償化を実現した,不正確,https://navi.fij.info/factcheck_navi/snj190716/
2019/07/04,辺野古移設で「飛行経路は海上に変わる」,不正確,https://navi.fij.info/factcheck_navi/ryukyu190704/
2019/06/25,電子レンジで加熱した食品は放射線を含むため、日本政府が使用禁止へ　中国と韓国も禁止へ,誤り,https://navi.fij.info/factcheck_navi/tfc190625/
